model,train_pr_auc,train_std,val_pr_auc,val_std,gap,gap_pct,diagnosis
Logistic Regression,0.6861878059220907,0.003982909808101804,0.6861432217690041,0.011329110513005735,4.458415308661312e-05,0.0064973688984026005,✓ Good fit
Random Forest,0.9745246412640374,0.0006361514380917157,0.8524435396408873,0.011632154539707663,0.12208110162315011,12.527246254625336,⚠️  HIGH VARIANCE (Moderate Overfitting)
XGBoost,0.8826137962148154,0.0040371829404598405,0.8684399245510874,0.010418644377757427,0.014173871663727966,1.6058973612823804,✓ Good fit
