model,train_pr_auc,train_std,val_pr_auc,val_std,gap,gap_pct,diagnosis
Logistic Regression,0.6861880425876957,0.004006724363115216,0.685941282185849,0.011515418937337452,0.0002467604018466796,0.03596104661283766,✓ Good fit
Random Forest,0.9744684089777946,0.00048256150038755995,0.8524411910627949,0.011295548735789194,0.12202721791499971,12.522439597914186,⚠️  HIGH VARIANCE (Moderate Overfitting)
XGBoost,0.8808778253738342,0.004300747003069762,0.8675413538781429,0.010627115655076739,0.013336471495691282,1.5139978679825936,✓ Good fit
