model,train_pr_auc,train_std,val_pr_auc,val_std,gap,gap_pct,diagnosis
Logistic Regression,0.6861878059220907,0.003982909808101804,0.6861432217690041,0.011329110513005735,4.458415308661312e-05,0.0064973688984026005,✓ Good fit
Random Forest,0.9745794267415941,0.0006710681736111864,0.852612170000724,0.011525680203366131,0.12196725674087017,12.514860604912945,⚠️  HIGH VARIANCE (Moderate Overfitting)
XGBoost,0.8807912156391591,0.003934318977591075,0.8680382829616591,0.0110828114165248,0.012752932677499995,1.4478950801349264,✓ Good fit
