model,train_pr_auc,val_pr_auc,gap,gap_pct,diagnosis
Logistic Regression,0.6433011828846387,0.6529997798987466,-0.009698597014107913,-1.5076292834746945,✓ Good fit
Random Forest,0.9752208534136677,0.8552052183225686,0.12001563509109914,12.30650828179031,⚠️  HIGH VARIANCE (Moderate Overfitting)
XGBoost,0.8788365848884623,0.8680025978377593,0.010833987050702931,1.2327646842419433,✓ Good fit
