model,train_pr_auc,train_std,val_pr_auc,val_std,gap,gap_pct,diagnosis
Logistic Regression,0.6861880425876957,0.004006724363115216,0.685941282185849,0.011515418937337452,0.0002467604018466796,0.03596104661283766,✓ Good fit
Random Forest,1.0,0.0,0.8513946089395442,0.012111421825801012,0.14860539106045578,14.860539106045579,⚠️  HIGH VARIANCE (Moderate Overfitting)
XGBoost,0.8808424657247528,0.004412260957893366,0.8681639277310786,0.010932556761503688,0.012678537993674133,1.4393649814830731,✓ Good fit
