model,dataset,pr_auc,std
Logistic Regression,Train,0.6861880425876957,0.004006724363115216
Logistic Regression,Validation,0.685941282185849,0.011515418937337452
Random Forest,Train,1.0,0.0
Random Forest,Validation,0.8513946089395442,0.012111421825801012
XGBoost,Train,0.8808424657247528,0.004412260957893366
XGBoost,Validation,0.8681639277310786,0.010932556761503688
