model,dataset,pr_auc,std
Logistic Regression,Train,0.6861878059220907,0.003982909808101804
Logistic Regression,Validation,0.6861432217690041,0.011329110513005735
Random Forest,Train,0.9745794267415941,0.0006710681736111864
Random Forest,Validation,0.852612170000724,0.011525680203366131
XGBoost,Train,0.8807912156391591,0.003934318977591075
XGBoost,Validation,0.8680382829616591,0.0110828114165248
