model,dataset,pr_auc,std
Logistic Regression,Train,0.6861880425876957,0.004006724363115216
Logistic Regression,Validation,0.685941282185849,0.011515418937337452
Random Forest,Train,0.9744684089777946,0.00048256150038755995
Random Forest,Validation,0.8524411910627949,0.011295548735789194
XGBoost,Train,0.8808778253738342,0.004300747003069762
XGBoost,Validation,0.8675413538781429,0.010627115655076739
