model,dataset,pr_auc,std
Logistic Regression,Train,0.6861878059220907,0.003982909808101804
Logistic Regression,Validation,0.6861432217690041,0.011329110513005735
Random Forest,Train,0.9745246412640374,0.0006361514380917157
Random Forest,Validation,0.8524435396408873,0.011632154539707663
XGBoost,Train,0.8826137962148154,0.0040371829404598405
XGBoost,Validation,0.8684399245510874,0.010418644377757427
