model,mean_pr_auc,std_pr_auc,cv_coef_pct
Random Forest,0.8516288539358566,0.002187928615714,0.256911048234492
XGBoost,0.8675355119235781,0.001643001807117,0.18938726824841878
