model,mean_pr_auc,std_pr_auc,cv_coef_pct
Random Forest,0.8524435396408873,0.0116321545397076,1.3645659798897567
XGBoost,0.8684399245510874,0.0104186443777574,1.1996966149550286
