model,mean_pr_auc,std_pr_auc,cv_coef_pct
Random Forest,0.8516288539358566,0.002187928615714,0.256911048234492
XGBoost,0.8677681773571775,0.0015564189526918,0.1793588418316901
