{
  "conservative_90pct_recall": {
    "threshold": 0.26219698786735535,
    "precision": 0.4562883435582822,
    "recall": 0.9001512859304085,
    "target_recall": 0.9
  },
  "balanced_85pct_recall": {
    "threshold": 0.41137492656707764,
    "precision": 0.6824529447480268,
    "recall": 0.8502269288956127,
    "target_recall": 0.85
  },
  "aggressive_80pct_recall": {
    "threshold": 0.7028175592422485,
    "precision": 0.841686555290374,
    "recall": 0.800302571860817,
    "target_recall": 0.8
  }
}