{
  "conservative_90pct_recall": {
    "threshold": 0.2151305079460144,
    "precision": 0.3583471323197351,
    "recall": 0.9,
    "target_recall": 0.9
  },
  "balanced_85pct_recall": {
    "threshold": 0.3563975691795349,
    "precision": 0.6220777424263384,
    "recall": 0.8500945179584121,
    "target_recall": 0.85
  },
  "aggressive_80pct_recall": {
    "threshold": 0.7069100737571716,
    "precision": 0.8324154209284028,
    "recall": 0.8,
    "target_recall": 0.8
  }
}