{
  "default_threshold": 0.5,
  "optimized_thresholds": {
    "conservative_90pct_recall": {
      "threshold": 0.25843316316604614,
      "target_recall": 0.9,
      "achieved_recall": 0.9002267573696145,
      "precision": 0.4406215316315205,
      "f1": 0.5916542473919523,
      "description": "Catch most fraud (90% recall), accept more false positives"
    },
    "balanced_85pct_recall": {
      "threshold": 0.4533337950706482,
      "target_recall": 0.85,
      "achieved_recall": 0.8503401360544217,
      "precision": 0.6918819188191881,
      "f1": 0.7629704984740588,
      "description": "Balanced precision-recall trade-off (similar to default)"
    },
    "aggressive_80pct_recall": {
      "threshold": 0.7207027673721313,
      "target_recall": 0.8,
      "achieved_recall": 0.8019652305366591,
      "precision": 0.8420634920634921,
      "f1": 0.8215253581107239,
      "description": "Prioritize precision (80% recall), reduce false positives"
    }
  },
  "note": "Thresholds optimized on validation set using final retrained model"
}