{
  "default_threshold": 0.5,
  "optimized_thresholds": {
    "conservative_90pct_recall": {
      "threshold": 0.26264989376068115,
      "target_recall": 0.9,
      "achieved_recall": 0.9002267573696145,
      "precision": 0.45632183908045976,
      "f1": 0.6056445461479786,
      "description": "Catch most fraud (90% recall), accept more false positives"
    },
    "balanced_85pct_recall": {
      "threshold": 0.4472424387931824,
      "target_recall": 0.85,
      "achieved_recall": 0.8503401360544217,
      "precision": 0.6897608828939301,
      "f1": 0.7616790792146243,
      "description": "Balanced precision-recall trade-off (similar to default)"
    },
    "aggressive_80pct_recall": {
      "threshold": 0.7289150357246399,
      "target_recall": 0.8,
      "achieved_recall": 0.800453514739229,
      "precision": 0.8554119547657512,
      "f1": 0.8270206950409996,
      "description": "Prioritize precision (80% recall), reduce false positives"
    }
  },
  "note": "Thresholds optimized on validation set using final retrained model"
}