{
  "default_threshold": 0.5,
  "optimized_thresholds": {
    "conservative_90pct_recall": {
      "threshold": 0.2647321820259094,
      "target_recall": 0.9,
      "achieved_recall": 0.9009826152683296,
      "precision": 0.4691066509248327,
      "f1": 0.6169772256728778,
      "description": "Catch most fraud (90% recall), accept more false positives"
    },
    "balanced_85pct_recall": {
      "threshold": 0.4477369487285614,
      "target_recall": 0.85,
      "achieved_recall": 0.8503401360544217,
      "precision": 0.6843065693430657,
      "f1": 0.7583417593528815,
      "description": "Balanced precision-recall trade-off (similar to default)"
    },
    "aggressive_80pct_recall": {
      "threshold": 0.7240654230117798,
      "target_recall": 0.8,
      "achieved_recall": 0.800453514739229,
      "precision": 0.8492381716118684,
      "f1": 0.824124513618677,
      "description": "Prioritize precision (80% recall), reduce false positives"
    }
  },
  "note": "Thresholds optimized on validation set using final retrained model"
}