{
  "conservative_90pct_recall": {
    "threshold": 0.26319262385368347,
    "precision": 0.45614707008808886,
    "recall": 0.9002267573696145,
    "target_recall": 0.9
  },
  "balanced_85pct_recall": {
    "threshold": 0.4484029710292816,
    "precision": 0.6914566687154272,
    "recall": 0.8503401360544217,
    "target_recall": 0.85
  },
  "aggressive_80pct_recall": {
    "threshold": 0.7248339653015137,
    "precision": 0.8443735035913806,
    "recall": 0.799697656840514,
    "target_recall": 0.8
  }
}